<?xml version="1.0" encoding="UTF-8"?>
<soap:Envelope xmlns:soap="http://schemas.xmlsoap.org/soap/envelope/">
	<soap:Body>
		<Antwoordbericht-APD-PND xmlns="http://www.kadaster.nl/schemas/bag-verstrekkingen/bevragingen-apd/v20090901" xmlns:ns2="http://www.kadaster.nl/schemas/bag-verstrekkingen/bevragingen-selecties/v20090901" xmlns:ns3="http://www.kadaster.nl/schemas/bag-verstrekkingen/bevragingen-producten-apd/v20090901" xmlns:ns4="http://www.kadaster.nl/schemas/imbag/apd/v20090901" xmlns:ns5="http://www.opengis.net/gml" xmlns:ns6="http://www.w3.org/1999/xlink" xmlns:ns7="http://www.kadaster.nl/schemas/imbag/imbag-types/v20090901" xmlns:ns8="http://www.kadaster.nl/schemas/imbag/nen5825/v20090901" xmlns:ns9="http://www.kadaster.nl/schemas/bag-verstrekkingen/bevragingen-fout/v20090901">
			<antwoord>
				<vraag>
					<ns2:APD>
						<ns2:gegVarActueel>true</ns2:gegVarActueel>
						<ns2:actueelDatum>20130708</ns2:actueelDatum>
					</ns2:APD>
					<ns2:PND-ID>
						<ns2:pandId>0200100000502486</ns2:pandId>
					</ns2:PND-ID>
				</vraag>
				<producten>
					<ns3:PND-product>
						<ns3:productcode>B300AX1003</ns3:productcode>
						<ns4:Pand>
							<ns4:identificatie>0200100000502486</ns4:identificatie>
							<ns4:aanduidingRecordInactief>N</ns4:aanduidingRecordInactief>
							<ns4:aanduidingRecordCorrectie>0</ns4:aanduidingRecordCorrectie>
							<ns4:officieel>N</ns4:officieel>
							<ns4:pandGeometrie>
								<ns5:Polygon srsName="urn:ogc:def:crs:EPSG::28992">
									<ns5:exterior>
										<ns5:LinearRing>
											<ns5:posList srsDimension="2">194456.796 467384.69 194450.913 467382.98 194453.148 467375.466 194459.004 467377.19 194456.796 467384.69</ns5:posList>
										</ns5:LinearRing>
									</ns5:exterior>
								</ns5:Polygon>
							</ns4:pandGeometrie>
							<ns4:bouwjaar>1952</ns4:bouwjaar>
							<ns4:pandstatus>Pand in gebruik</ns4:pandstatus>
							<ns4:tijdvakgeldigheid>
								<ns7:begindatumTijdvakGeldigheid>2011031800000000</ns7:begindatumTijdvakGeldigheid>
							</ns4:tijdvakgeldigheid>
							<ns4:inOnderzoek>N</ns4:inOnderzoek>
							<ns4:bron>
								<ns7:documentdatum>20110318</ns7:documentdatum>
								<ns7:documentnummer>2010-078020</ns7:documentnummer>
							</ns4:bron>
						</ns4:Pand>
					</ns3:PND-product>
				</producten>
			</antwoord>
		</Antwoordbericht-APD-PND>
	</soap:Body>
</soap:Envelope>
