<?xml version="1.0" encoding="UTF-8"?>
<soapenv:Envelope xmlns:soapenv="http://schemas.xmlsoap.org/soap/envelope/" xmlns:v20="http://www.kadaster.nl/schemas/bag-verstrekkingen/bevragingen-apd/v20090901" xmlns:v201="http://www.kadaster.nl/schemas/bag-verstrekkingen/bevragingen-selecties/v20090901">
	<soapenv:Header/>
	<soapenv:Body>
		<v20:Vraagbericht-APD-ADO-Adres>
			<v20:vraag>
				<v201:APD>
					<v201:gegVarActueel>1</v201:gegVarActueel>
				</v201:APD>
				<v201:NUM-postcodeAdres>
					<v201:postcode>7333BB</v201:postcode>
					<v201:huisnummer>3</v201:huisnummer>
				</v201:NUM-postcodeAdres>
			</v20:vraag>
		</v20:Vraagbericht-APD-ADO-Adres>
	</soapenv:Body>
</soapenv:Envelope>
