<?xml version="1.0" encoding="UTF-8"?>
<soapenv:Envelope xmlns:soapenv="http://schemas.xmlsoap.org/soap/envelope/" xmlns:v20="http://www.kadaster.nl/schemas/bag-verstrekkingen/bevragingen-apd/v20090901" xmlns:v201="http://www.kadaster.nl/schemas/bag-verstrekkingen/bevragingen-selecties/v20090901">
	<soapenv:Header/>
	<soapenv:Body>
		<v20:Vraagbericht-APD-ADO-ID>
			<v20:vraag>
				<v201:APD>
					<v201:gegVarPeildatum>1</v201:gegVarPeildatum>
					<v201:peildatum>19991231</v201:peildatum>
				</v201:APD>
				<v201:ADO-ID>
					<v201:adresseerbaarobjectId>0200010000000007</v201:adresseerbaarobjectId>
				</v201:ADO-ID>
			</v20:vraag>
		</v20:Vraagbericht-APD-ADO-ID>
	</soapenv:Body>
</soapenv:Envelope>
