<?xml version="1.0" encoding="UTF-8"?>
<soapenv:Envelope xmlns:soapenv="http://schemas.xmlsoap.org/soap/envelope/" xmlns:v20="http://www.kadaster.nl/schemas/bag-verstrekkingen/bevragingen-lvc/v20090901" xmlns:v201="http://www.kadaster.nl/schemas/bag-verstrekkingen/bevragingen-selecties/v20090901">
	<soapenv:Header/>
	<soapenv:Body>
		<v20:Vraagbericht-LVC-BAG-ID>
			<v20:vraag>
				<v201:LVC>
					<v201:gegVarToekomst>1</v201:gegVarToekomst>
				</v201:LVC>
				<v201:LVC-ID>
					<v201:openbareruimteId>0715300000000120</v201:openbareruimteId>
				</v201:LVC-ID>
			</v20:vraag>
		</v20:Vraagbericht-LVC-BAG-ID>
	</soapenv:Body>
</soapenv:Envelope>
