<?xml version="1.0" encoding="UTF-8"?>
<soapenv:Envelope xmlns:soapenv="http://schemas.xmlsoap.org/soap/envelope/" xmlns:v20="http://www.kadaster.nl/schemas/bag-verstrekkingen/bevragingen-apd/v20090901" xmlns:v201="http://www.kadaster.nl/schemas/bag-verstrekkingen/bevragingen-selecties/v20090901">
	<soapenv:Header/>
	<soapenv:Body>
		<v20:Vraagbericht-APD-OPR-Naam>
			<v20:vraag>
				<v201:APD>
					<v201:gegVarActueel>1</v201:gegVarActueel>
				</v201:APD>
				<v201:OPR-Naam>
					<v201:openbareruimteNaam>Fabianusstraat</v201:openbareruimteNaam>
					<v201:woonplaatsNaam>Apeldoorn</v201:woonplaatsNaam>
				</v201:OPR-Naam>
			</v20:vraag>
		</v20:Vraagbericht-APD-OPR-Naam>
	</soapenv:Body>
</soapenv:Envelope>
